PC5,PC4,PC6,PC2,PC8,PC3,PC7,target
1.0107418922874247,0.666395162436318,-2.44111967859568,14.02255037668543,1.065521637160159,-0.1118074490039395,-0.9792239978061822,0
-0.4262556062063067,1.840077787484641,0.7937245622004487,26.346151464498533,-0.9864024397504012,-2.14647995520191,0.2815037828091146,1
0.4605679911273798,0.7338192689488723,-0.3305002745438131,-10.729180608144944,0.1461401080277636,-3.291961565078041,0.4808720047432994,1
0.93469475027222,-2.011643787912697,-1.4576993784668226,-1.874780051766507,-2.393053805937253,0.983663748592102,-0.7975990592894685,0
1.595131399326268,0.317923897506658,-0.6029451616757677,0.4203837126689649,-0.6285344669262991,1.7812239406520174,-0.1694463411509656,0
-0.7219720905767654,0.2071698809106641,-0.967271867792744,-11.158953503633027,-0.1454466220527097,1.73021354519196,-0.0554922386960566,0
0.8901433624335521,0.9285250986749836,-0.6014945086316031,7.278630370551255,-2.337946827576232,-1.6297470259451978,-0.103117004029227,1
-1.0092268333250454,-0.5343936222441086,0.9063744115511632,-17.05232375063875,-0.5693440886440753,0.9508235896822016,-0.5127763254211469,0
0.6502946225433427,0.2169093870679159,0.2162290228925409,-2.018623838823416,0.6714654295780687,-1.563730075518828,0.4775634106162892,1
1.8326923912220463,-1.075310690795524,-0.2703514247153917,10.515427172645346,-0.118506447139218,-1.612094892764249,-0.5976389190421906,1
-0.7925663650142756,-0.8458596341245139,0.8284588315883801,11.019923451636243,0.5600000795348172,-0.1435153456023647,-0.1477597894217786,0
0.8014245825167835,0.8774657161618731,-0.728947325003249,5.941736195661818,-0.0654612203252972,1.1303685151836778,-1.0519805549154275,0
0.7211690813611794,0.385446399689048,-0.0265658420502306,-2.1327637549122187,0.8736931112259085,-0.7109548020155918,0.3645419309007938,1
-0.243907073456272,-1.4817703612181512,-0.889210007432677,-12.517626632084829,1.188218840538258,1.6117469567995704,0.7829293680206053,0
-0.636219732360021,-1.4129478490779863,0.2795842328907656,42.61954455741055,0.8233018026764707,1.1914297108640732,0.5925850969286849,0
-0.6373529185032852,-0.0888084271990845,-0.1007478703299972,22.197871215756308,-0.8408805084204036,1.22899575530373,-0.164562930669234,0
0.0447262948706231,-1.340360068449885,-1.7265079571935968,-20.78019496255446,0.8071128199288649,0.3398776917210133,-0.0831456763551259,1
-0.713575440199732,-0.5552856535468458,0.8380816715830464,8.658078891713984,-0.8529469799348985,0.8471875123337593,-0.3628924929255758,0
-0.9272826942913543,-0.3257210814352429,0.5622413518106744,-3.1372104306393567,-0.2164668140638205,1.363071350421257,-0.7749826269216121,0
-0.5677933573204578,-0.3355154201215347,-0.7165346017386621,-2.684386656643639,-0.2246106263693194,2.1406714792228776,-0.1315856460493084,0
0.7018867612526053,1.915835261954201,-1.952592888259551,-19.84683460146272,0.6143555772167164,-0.0466574760312208,-1.3511098307293825,0
0.5611333385644185,1.3286635073609503,-1.2373492373168746,16.477582062015685,0.3770210562421173,2.063270159401772,-0.5454036612978567,0
0.9973278904638796,0.9621728504727785,-1.2591255401278971,-13.522801564568354,-0.0513684339033515,0.616476765362711,-0.9103842970188566,1
1.1164777995764474,0.1889061072867817,-1.4184862939489014,1.4851168216352877,-0.5022216102180097,-1.387984505669225,1.6185123105584234,1
0.7441735001614783,0.3251828198289983,-0.0921449468904495,0.3905360509915141,-0.0453160445487281,-2.826730706314904,0.6848019869983452,1
-0.3841804014892411,-0.3490344069849784,-0.3828239012847324,-10.30794290495345,-0.9868799230477424,0.6529109222978868,-0.9113610034949894,0
-1.1428435375228123,-0.0203673490213194,0.1858038974853972,-16.356930762945893,-0.1157381007611786,1.8048537634948527,-0.1893337145178714,0
-1.2555946108863298,0.8738875197368114,-2.1809441367491056,19.347806757060923,-0.1304106335686387,-0.0995442146211278,-2.635794052652775,0
-0.1206081095424054,-1.4505076670855674,0.8148407415889709,18.22705061752229,-1.4394254474117558,1.5199763573704144,-0.1083045410614692,0
1.8066115362526216,-1.0394462956289232,0.5125095350202915,-17.67645733574284,0.542338371852461,-1.987049683468479,-0.8687178152186009,1
-1.8209397117820427,1.7856911822815296,-2.1789193147389114,8.708525108070447,-0.6183416708090141,0.3192862634746158,0.2975309872972461,0
-1.0077075377114395,-0.4871276696031994,-0.1022736052624214,-13.815366138149273,-0.0881256613046327,-1.5882261811101437,1.6959729203250458,1
-1.4929701717255586,0.1795171618458326,0.3515854534919838,3.873188783361286,0.2712746614160657,1.5598439587537325,-0.4033809540767278,1
-0.7264608872919924,-1.1801527273359242,0.5049915175243458,3.937014016539891,0.798822059707198,-0.1357962835595265,0.2092714668165153,0
-0.2298043217311786,-0.886859618516868,0.304466143791992,-1.048914774256275,-0.6365571022995882,1.927990467025734,0.1894432484977372,0
-0.2610224017841717,-1.1436268354590198,1.3272845962012534,9.274413568783828,-0.8730681995744423,2.021355324638539,0.4231180086190707,0
1.7916213956751137,-1.0887363668587156,0.3265184145217865,-8.18198243185418,0.3217016322526346,-1.9565924833861643,-0.8902278676392382,1
0.3862464742165201,0.1010122891691844,1.18200223127619,16.837311120832382,0.8106583625769581,-1.3559596335694306,-0.2817669062505586,1
-0.8975280640254591,-1.5803508731383575,0.2237726589469451,-4.990457330647857,0.3724517351966334,-1.1156245977852488,-0.0123666940017005,1
-1.134264162954584,0.0492646796296811,0.1789832551549266,18.467794370920917,-0.1213826904050573,0.4011557458164532,-1.2117269854369743,0
-0.2409904634100859,1.253617651316151,0.5716240977860312,19.41365770088653,0.2322773197663813,-2.693216962884305,1.237971180635811,1
0.2561020434950534,-1.7657855919812695,-1.947611051161936,10.657891457742023,0.6562253907091922,1.7191259748426733,0.5534307605979341,0
-2.1531755616783137,1.4454602310563591,-0.7312699102967207,25.519227450423685,-0.4362893783566402,1.1057048075549778,0.8514673586046859,0
-0.9085556787349982,0.0048961405469902,-0.0702491030415396,20.00977264122513,-0.5823659856330836,0.9249155976616348,-0.5476747715173834,0
0.3908537639552291,0.8392096213095324,1.3629641661122522,-5.856145555663417,0.011336673638667,1.1489846315113024,-0.0814214503455698,1
1.2652147198272117,0.103623985910825,-1.295217604659215,-18.79065052856565,0.2456144579957519,-1.397924995186213,0.5952361359081176,1
-0.915215548850788,0.2911420506478939,0.3098488933789487,-18.10462064856995,0.0718510639943146,0.119435358053261,-1.0016698887237143,0
1.4116957205452714,-1.0965104413271118,0.3043789921732862,18.48746943911065,0.2732016810922843,-1.250864038319575,-0.8128537536537138,1
-0.0330877875370461,1.2141139722848804,0.0826202043667485,-0.1884609791516283,-0.1682801226600577,0.8439094825128701,0.0499603141227174,0
1.2307941804679592,0.7343512775806738,-0.1094617233661296,0.7983690399790646,-0.2720575258098238,0.148962731108678,-0.9227146488389096,0
-0.4946433310165204,0.1443307862736798,-0.63416990678441,-24.26389650643944,-0.6200367368541551,1.6186879726986994,0.6974624318795435,0
-1.2302111641498898,-0.2708461800727424,0.732257193694055,-8.187292943953551,1.342599156214907,-0.9324410131182388,0.0575048678278154,0
0.9554571954311868,0.3682209049018226,1.2366694170946355,-21.853853516254745,-0.4682580338040166,0.5169226346015328,0.618186549116553,1
1.39596539636463,0.4863389289802498,-0.2409952906321366,-0.3392859227772646,0.049324631528032,2.500438219835286,0.5804317107362785,0
-1.014816371710924,-0.9177004089239796,0.2838440503398547,-1.9900110767541288,0.3733027323083483,-1.2205552795547012,0.5418454132755582,1
0.908368585754072,-0.3500960742447436,0.2290618113134901,-8.610254462384177,0.5053921280282092,-2.539189995190625,-0.52277718692705,1
-0.516551061247695,-1.2406233195771137,-0.4105339830842327,8.973146722279907,0.3784221568810606,0.2200278806127915,0.9689588807413084,1
1.5854508780622083,-0.7259122438494223,1.1286659037242173,-17.953672665381063,1.030688335096994,-0.023743876152261,0.8498614090882651,1
0.8311244559736563,0.949662547573624,-0.085783393274913,-7.992207784630494,-0.3044745187788361,0.1057924327085468,-0.1814327406737043,0
0.6776058872708369,1.553157260669156,-1.3917060524831253,-4.991257028582581,0.2451102678330239,0.1859511201235535,-0.5513680632885575,0
-0.4902941327126885,-1.8890236589620533,0.4525329956739927,-4.602552872592284,0.3684637577266079,-0.4715407724162566,-0.5626625518246781,1
1.5981944491447462,0.1786187416349729,0.137582398872226,13.76725950136371,-0.8439831912164628,0.5419992892202341,-0.9394959340222524,0
0.6037841362417057,0.5245434505598368,-0.1724589155107481,-2.1057751008930694,-0.3700084648951597,-3.122838556493841,1.4489578222582409,1
-0.9975918299875212,-0.2100780369603188,0.3898632294467723,0.415286209326382,-0.2570450810707188,2.024607143293416,-0.0936687863058427,0
-0.8533948750043044,-0.7806131270158325,0.2327958186158079,-8.733041569402346,0.4278715341270371,-2.0683202689676805,-0.2051478721312321,1
0.806579363848745,-0.1906933196339564,-0.258277943394389,11.575793603791496,-0.3520959666239524,-2.307187860652434,0.719273070455582,1
1.1559578921504414,0.8559921256662164,-0.6254205894254489,11.402312669644644,-0.8443152356625476,-0.3332415841046123,-1.1096202578903465,1
1.2193920981515325,-0.5171027474229042,-0.1878777886040391,19.02836659790644,0.8079243683804884,0.2973740745526845,0.3841208427131344,0
1.3332983511660037,-1.385284867283442,-0.1582289066550275,34.33965265208933,-0.0354225025806411,-1.3880492976108938,-1.231993422115358,1
0.0623491288473355,-1.2573422764707831,-0.9135400259360172,19.05992502968995,-1.789958237518778,0.2914019676094104,-1.4604262369580203,1
-1.521789116344936,0.3889734325992198,0.3648073973821726,22.157130912823604,-0.172698549092569,1.1417377138318343,-0.8482366200281778,0
-1.4587970471440124,-0.004589860361863,0.1021158613909588,-7.0228823151615245,0.4571176938526194,-1.1944250457642065,1.7481729016341112,1
-1.4427544640717112,-0.3588501495120126,-0.0477825066315281,-12.652624327317326,0.2999652802476121,-3.100983751505101,-0.0860701601567088,1
0.2075794652441047,1.2316097338629786,0.3872963249447287,-21.697540330581543,0.4191409988521141,-1.460605700732831,1.7086758073721149,1
1.242496350770478,0.5826889129910919,1.1529353104547249,-19.21010813296145,-0.7209698924404224,0.7141392678231537,1.2472109290054696,1
0.0948793916615232,0.9595030418050818,0.551153442438119,22.61964642737142,0.1459703193823741,1.3014137375299009,-0.7876586221869476,0
1.042117896398583,-0.2437223159288486,-0.2629059218991909,-7.200692998988941,0.1032999192766035,-2.305424828111017,-0.0168966501689987,1
0.6669274210010455,0.6811366777966106,0.1329021108982393,5.235571895725883,-0.7644458434230967,0.4526581785017507,-0.2357880037503389,0
1.3028056439267934,0.5674023941258521,-0.509429995631028,-1.623922383612765,0.087178412149907,1.995482967007491,0.0318566593085142,0
0.4681224629463939,-0.3195805717754896,1.351174756296455,17.1352320112059,1.5347332908489415,-1.078111356751132,-0.650082212853624,1
1.8730239316929684,-0.1750334477457558,0.0871462249683938,-25.71704353932984,-1.3198288571991503,-1.0080088077526768,-1.1579369197220035,0
0.7737000008439877,0.5833540960124619,1.318578977765537,-2.5629353373086303,-0.2236858596907432,0.3416509899362925,-0.8478221364466257,0
1.4763524844634195,-0.484916237751029,0.654590459926288,4.542487509007799,-0.3384690550233496,2.615841384252783,0.4483948813867874,0
0.5502620756993247,-0.1095374916913825,-0.0609750907960844,46.920254548185525,1.2160834538733107,-0.2443131272177403,-0.3618313819641863,1
-0.7890380933467855,-0.2229698167264338,-0.7361408739135147,-15.61411848290237,0.0741859320956251,2.2134364163116524,-0.119277983239331,0
1.3157768063363902,0.1424103643265024,0.7158624381137846,8.844929666198894,-0.1980573302500065,2.159803314282174,0.4686730950819794,0
0.9683112254869736,0.3988807354049373,0.8096526376187219,5.757170091897848,0.1380286009271482,1.5940499824823229,-0.1003816476374005,0
0.347057011272685,1.3328607210400245,1.0567263434172989,-2.1651211130883894,0.5845936988149627,0.3277460271242365,-1.1086675180897374,0
0.7181526202246701,0.6817464544162519,1.6602881276846486,6.913081471144551,-0.1850701023172716,1.0868192435285695,-0.0845894896448116,0
0.7804366043347416,0.7736194823478788,0.6171280713263188,-2.16798413082482,-0.0154235110060217,1.0623356066792955,-0.5268097167388007,0
0.3469423225742308,1.1699610908256497,0.9510119809683382,-14.425824090521786,0.2770667811661,-0.0437335866717787,-0.7159143808793472,0
1.2966405989538696,0.0739815887143389,-1.8014056476277602,32.4877671553845,-2.4751134352015485,-4.05771871294586,0.5273460325332927,1
-1.276834460342356,0.0804241681249873,-1.3008058286252695,-0.8693558404455644,-0.3191011103069796,-1.9607775610763407,1.6881960324592449,0
-0.0773907902777012,-0.2690619663841811,-0.0671010384877927,-18.41631700453229,-0.8785258429561222,1.1530025835844926,-0.1703843022299299,0
0.3579243718447237,1.4388145580751917,0.6308211569195088,3.0366434865930074,0.2893505586864186,1.3822099780424493,-0.0108243825381921,0
-0.7882664612585998,-1.2594571661170544,0.7970738184639832,-4.114786976756463,0.5730878396264025,-0.118669481951759,1.2997134612706458,1
0.8417611762704756,0.1462564713054266,0.2808881589816769,-21.24589811462361,0.7912731984557173,-1.9661478349522945,0.4043042736220317,1
0.7937824945022905,0.0117930079136232,-0.2182583852663805,17.762449148291566,-0.6257491179163994,-1.7104915329531185,1.0537886770151346,1
-0.9018205482723652,0.3933029378361585,-0.7896441725676845,4.568321872136153,-0.4992195956017349,1.1648710420409087,0.3336246852854235,0
1.274424711804162,0.2897201736119175,1.308507608036555,-8.475869474771017,-0.3650128369887471,1.440971057576411,0.6462060182930466,0
1.379998907388841,0.029909577262851,1.232812395504439,-17.367508138799096,-0.4031304029099783,1.51796115341513,0.6002877359640609,0
1.739993811442102,0.4328118281919855,-0.9710649397054216,-10.485797568866433,0.2306189849078594,2.6321914777180355,0.3299046115158248,0
0.3281120700716234,1.0661599060720384,1.3122562087971468,-6.5054330225160015,-0.3751734477292528,0.5562332711882152,0.5052035437120106,0
-0.4755112242084281,2.653465306913436,0.4139588068559841,-22.54832765983035,0.6857298449855516,-0.5421037444190868,-0.2204966015561579,0
-0.6805778264468534,-0.4774759557386601,-1.2878025373479831,-8.725988737774259,-0.6765264199018133,-2.022611375500659,1.6501893737139133,1
-0.8282865154939946,-0.8430738105937101,-1.0176280199692416,-26.77802725348124,1.7013081902508649,0.8625267126282385,0.2703313785667844,0
-1.044481437548785,-0.6498771804367871,0.929998210789298,11.773111653113531,0.6952192404220758,-0.36484175143824,1.3630790239974775,1
0.7441675252876417,0.3593829986510977,-0.1568566751117714,-2.783907936543528,1.1821798269021822,-0.6588055494384955,0.782119480110876,1
-0.5258115204131713,-1.2339375093007832,-0.8987220122164697,-12.29799471994336,-0.5182987601805793,-2.481435334183113,-0.3449221263296806,1
0.1392749324701623,-2.2180997975717585,0.3615742515626676,-12.312418859937438,0.2048424731771698,-0.4638541498895729,-0.2245431772213242,1
0.7172353237813006,-0.4357925462378109,0.8235279814864038,10.303185414310136,0.98404252963494,-0.6503271751622275,-0.4048457704910673,1
0.7606990905519794,0.8490821773436799,0.7597956880305761,-6.785175549436417,-0.6335460210221442,-0.778607709696084,-0.1686065739959317,1
1.3652736831488763,0.5850829298860578,-1.6701812518115111,-10.641730601285929,1.473288605344241,1.5693020179130248,0.7683036162276984,0
1.78394967386915,-1.807685054186708,0.0160747023390209,-4.381342670558823,-0.1878392533489141,-1.0972147775218757,-0.9291975701419524,1
-1.5543249131618992,-0.1539279801805546,-0.3676082382936536,-2.4759646267734468,1.0094866312763902,-1.7790774519283972,-0.8553776786578203,1
-0.3656664524758238,-1.163559720748909,-0.4795267596894514,5.455766224770727,1.032428183944244,0.925746526695935,-0.4273519901703421,0
0.6024971464776553,1.2053584403043978,0.7076119575224638,10.07153710806024,0.3660171779212598,1.2975716268948316,0.1098861578448071,0
0.3089374039792694,-1.5540686277258382,0.8735616282362229,9.426260386075356,-1.861708376279981,1.7377249077366983,0.1704469760778368,0
0.0880870816646178,0.5825739235125844,0.0100526472238934,-5.797078499945471,0.0526566638641827,-2.5724827125702507,1.6990749527796272,1
0.6470584425033691,0.1768129348566072,-0.2029702946913987,2.9922959562414206,0.318415672236794,-2.471245346223818,-0.2946349851489396,1
0.7826402915059222,-0.1717281984767742,0.9920099883006748,-2.1503909877483096,0.5548242807095876,-0.8421937302940261,1.9913354373412355,1
0.604903465866964,-0.2569742187680228,-1.114373815548335,10.345903138738052,-1.4315020564964631,-2.366719207899012,1.187389084807525,1
-0.4748579048051944,-0.194973448497757,-0.3033609167684746,-30.427382077666493,-0.3784238940013709,-0.0608034829684198,-1.0949709981297011,0
0.1583760326295317,-2.16371490125142,-1.2807531553179987,9.830074348630305,-1.040010772295016,-3.199442754038665,-2.321583503981504,1
0.4937398590634597,1.8336860972063187,-2.067344264893816,4.567567738177573,0.0469875290289178,1.055512091592663,0.1481673918245643,1
1.40296154017311,0.4912815367673422,-0.5311514554085599,-1.074417188651438,-0.2785022624675003,1.8772188218949435,-0.2524727607637225,0
1.0487851303989726,-0.9847357117708102,-0.2692165105147212,66.2078199613447,-1.3134269122975035,-2.0515118125020204,-0.0358069592860601,1
-0.4551155732785666,-1.2944314452599273,-0.491817828327476,-21.251613755049945,-0.2099542294205686,-2.464800013447897,-0.3773059998786607,1
-0.4132494031580653,-0.2907922913077947,-0.469580774145683,-10.386143183252614,-0.077735379891715,2.2141448842652034,0.0821118966887494,0
-1.267138956720312,0.4627932049781147,1.2094998434823911,-5.817259287359178,-0.2529098993249157,0.7917669993880683,-0.1784899065243296,0
1.018831002488767,-0.1516129932422039,-0.0630195490092664,-12.229421722199476,1.5373719526493006,-0.2529333791224042,-0.0311060471628283,0
-0.7259268499632082,-0.6594934194427597,-0.2711681629438935,-36.66367441542576,1.03253830773498,-0.4733122904823894,1.1014901169313545,0
2.1725264654904697,-0.4588901354026087,-0.2002272484419998,0.3834551269956989,-0.5211398980389459,3.2525958675386795,1.0275148841375794,0
1.110092389681982,0.0923185379756825,1.5120423124019706,7.556245700042794,-0.3162066934262271,1.597277993357602,0.5249192538110096,0
-0.2889905071198155,-0.5756311444162614,0.2354111463739168,-8.036485851858004,-0.6779083330413385,1.5559330698336522,-0.3650921108522984,0
0.980191169863058,0.9516727006825336,-0.8191605808261767,3.1445347902969445,-0.2062882696522736,1.0868817084315792,-0.843202957091509,0
-0.911841005292664,-0.7009355760998262,-0.1484158214440847,16.96503476346267,0.4783285902001221,-2.3720128466084973,-1.3909106337806023,1
0.2680012991437158,0.8919425791101865,-1.2557364847345658,-13.342648151590168,1.7048026878275684,-1.757944876718474,-0.6470323823540723,1
0.3541697624845462,-2.5137563807167984,0.4267995581542776,-9.26708726466252,0.0328489417113608,-0.8511394236132266,-0.5281383317494083,1
1.505456483147841,0.2787069032707892,-0.6039948213015273,-6.588915887415212,-0.8604653082606222,0.3343541943214374,-0.683666152902561,0
-1.1176989762435108,0.4026410276937426,-0.2630400128035043,9.56068984689928,0.3552901959685418,1.7650928122082057,-0.222675604310463,0
0.6733439019040716,0.1241850115839515,-1.2958431715438783,36.20811100040278,2.0350126415270733,1.550059859501042,0.0668177308779753,1
-0.6475101021903757,0.1445588956288233,-0.5549002084843666,-1.634131953597432,-0.0007245482368357,2.3070533163097124,0.3899690768674382,0
-0.9747461991302568,-0.9605896726631682,-0.7806583123948242,-9.76481495644903,1.0666477011178073,-1.1019095179974885,-1.0103046542917138,1
1.035537153170175,0.1042252048268748,-0.2567131294065981,-26.299029729604925,1.5787608911028417,-0.7509168672452007,-0.0025463097670617,0
-0.66096239487809,-0.2457895589502368,0.3111278798182488,-23.512305119931757,-0.0511882356088232,1.232929371576796,-0.2888220603461139,1
0.1667321786865475,0.2833712868280793,0.5488381274579806,31.18394353652464,0.0426964365864487,-1.8648729616623012,1.624749424771764,1
-0.1878060198512657,-0.8233224256074279,0.2108666308368476,-19.88079812844664,-0.5030780562155339,2.076887192500544,0.33547558314616,0
1.1301267037281062,0.3451772040917953,-0.2393272083791915,-6.776356651589495,0.2863493655021193,2.317707180440252,0.0748129274228103,0
-1.4463320464947642,0.694091853079392,-0.0579785575369875,-33.22176108213701,-0.2459874866370791,0.725976427433241,0.2895913081834554,0
-0.3210266645798424,-1.396804765547081,-2.2394103443723714,17.720883209490196,0.9799573702337152,1.7870253375824197,0.2270814580091359,0
1.1709490510176623,0.2110513392127719,1.1906874302832176,-30.584555406737135,-0.3027233172279113,-0.2395494893892045,-1.2660824224513345,0
0.4861365863738301,-0.5843726476165736,-1.0344334717953825,-32.4688646152035,1.2170863132377423,-0.002699673671096,-0.6452702059728487,0
0.8022704583933747,-0.6226890811046977,0.8896038811939668,26.17188222477573,0.6286429429339639,-0.6790083687038246,0.5581600235841658,1
0.3451046432002355,1.377373287296461,0.394200270069325,-11.59937121674426,-0.4324599245219895,-2.685739182598332,-1.817613945999664,1
-0.3739412087002003,2.07260453807562,-0.0309463098947058,-5.394742881774036,-1.184158898894657,-2.788739753083009,0.064397193377351,1
-0.2281184912704008,-2.2147135395495745,0.2853576661963277,5.676895110625139,0.0900668041193219,0.3132232446214198,0.4076376267954427,1
0.4714310695879639,0.2698940205379283,0.6090866946247029,-9.330974991948269,0.617389664351806,-0.5460129438053205,2.3033818402638637,1
0.7052081572974377,0.0201291763595024,0.0706941515631961,6.014627707689868,0.0410549489071487,-1.0552030283662042,1.735563604731921,1
-1.4311503662935317,-0.0388811182093611,-0.7162029885618978,-15.160401527657797,1.0203447324522057,-0.8002866641421711,0.6634413643472863,0
-0.3784000981619964,-0.8425162762479481,-0.9296416045295988,-28.18483366610233,1.4942145037155328,0.6880998547308685,0.5264352797948347,0
-0.7408494756842605,2.694667027378812,0.807782104804029,-9.507864476407036,-0.3815285091324501,-1.1288615584666688,1.9327281248395425,1
-0.5279657082615832,-0.0068570461292096,-0.505489592197128,-20.03670805007681,-0.8339981091190625,0.3432021674991161,-0.9439560877891932,0
0.5782787949474016,1.2016735339824691,0.8956657890903308,-31.70283828206358,-0.0099122981967701,-1.0050950408355916,-1.4762315386349618,0
-0.911738990471312,0.1546256740744425,-0.0426169038519522,-8.122988122982889,-1.0317087160189211,1.1294749654870828,1.7124394834667631,0
-0.7366974411071362,-1.154082690592097,0.95528341789695,2.2782620719056297,0.990459001578254,0.1959229223611842,0.733389508294471,0
-0.7856909732717889,-0.2000405912524951,0.4679715003544984,7.447448858581239,-0.2009007371405013,1.8392407715587016,0.0721763133063032,0
0.4456129952490278,1.3441136188545502,-0.1861243173702803,-1.7566879035666716,0.1475709300136589,1.2877218003678594,0.3980665097692802,0
1.7365975847714252,-1.7035855640989437,1.324998395192068,-7.4781316070001935,0.8683883401135863,0.5659897565317125,0.6740426210938688,1
-0.601091793184724,0.2559491146270882,-0.3841905259466158,-15.367768840838565,0.0462512852434134,1.0732737134453916,-0.929701733145421,0
-1.4131255296469063,-0.5003081551348008,-0.94033434819701,27.206918104541543,0.4419791565637373,-2.060079390336813,-0.9267545628603976,1
0.5868283606910435,-0.2696975869281315,1.6921477358923185,11.32866029234303,1.7482098148226872,-0.8736952855901703,-0.3695980766238904,0
-1.2913013284264117,-0.3275933119761818,1.7197096322784011,42.11356366097654,-0.3837450351641352,1.0472046880821044,-0.9283355076543446,1
0.5266541970747901,0.3744136757967726,0.7850627879452978,0.9515499340276392,-0.4468214410345213,0.5693984353406956,-0.966689475450503,0
0.3707424805622774,0.8521447710832569,0.1767090662574433,15.065809575882652,-0.167496305411793,-2.219182559308674,0.6276394766766694,1
-1.3418048637843971,-1.0822104861964112,0.772351592224203,18.93237818861938,0.7634536229244628,-1.996459759483016,-0.8678975928774743,1
-1.2189565320484348,-0.222462193415033,0.2492719127007823,-22.97170072595493,-0.0029873182873531,-1.52037506024957,2.5726212849810066,0
0.7733224885970925,0.2987990942241205,0.5308694017915243,3.4708753539867416,0.2697875411698416,-2.5624088278762254,-0.6699921530143721,1
-0.3319018565147882,-0.9984565435698702,-0.5345932231364584,-5.125668863298344,-1.5025866930561391,1.0326606793463644,0.1715693287966728,0
0.3516135480426933,1.7147036840258467,0.091994665871901,-1.655175987009713,-0.9225414541582746,0.3352188071381294,2.4815322927960195,0
1.460501810717878,-0.9859155879061284,0.6627720465724847,-9.048244152787971,0.8342338826021152,0.0336725622112443,0.4619935055103038,1
0.7260326685446515,-0.5917493447502047,-0.062063106059235,-5.763630789449195,-0.2495907642787007,-1.433841852313343,0.8521721911306478,1
1.1063622065852243,0.911542323946296,-1.4823568180748032,16.403390994286738,-0.763580229301096,1.9896796758269664,1.5677185868253272,0
1.4389820485794655,-0.5529228163003734,-2.956618329534759,45.13736118007323,0.3798465730266958,-0.3186353822000398,-1.408673100782199,0
0.3191946827231423,0.6922469224402559,1.718661752702238,23.349331627630093,-0.0564823909150836,1.3953093953843323,-0.2009545106585724,1
-1.6034390589805438,1.4688232196386282,-0.6975664286750537,10.873076143188868,-0.6124089400342092,1.244477204584948,1.5009630985871858,0
0.475612512172434,-2.159840419087057,-0.880798123231418,-11.358356651762918,0.1579510083412258,0.950079845963634,0.6927292482763532,0
-2.126813827858824,0.8949158462433103,-0.7769318701631088,28.330049721765008,0.6854460676100141,-1.0200391179067327,1.209225263625717,1
0.8277572292062733,-0.3757700770004033,-0.3476435590482541,58.40844547175696,0.9475986004006764,2.2860840172170187,2.019722998874865,1
0.0958274722894733,1.2686248090367926,-1.115975689179282,7.99456990221546,0.107732012992098,-2.286028687981191,1.6638298201824635,1
-0.7071065531315591,-0.1206286665251485,0.4643832308481026,-0.1934896862927502,-0.169892566847099,1.5612230856629137,-0.0105609891745036,0
-0.5681947405622075,-1.5356203683050966,-1.110603735624435,5.775761795203053,-1.6920413291152183,-3.127358445501254,0.64566707234526,1
1.4426349178727262,-1.1268054190531225,1.1979706666258825,0.2837778528595436,1.0945005963135814,-0.2307366892350373,0.1384982164942862,1
-1.899608173534648,0.9074269228594732,0.1709225962027794,3.964424852946976,-1.6934300298569394,-2.0598565450581194,0.0484735841632636,1
0.1411184983952774,1.998250419948053,0.060717952960173,-9.860875392107332,0.3361585646373536,-1.071454646965755,-1.8492739380627148,0
-0.0856945119916053,1.968928319691269,0.4976834498101823,-34.22524590184682,-0.2876301697252001,-2.091617497418083,0.0083670898096768,1
-0.3050303491162627,2.54116686761353,-1.0110895339336774,28.93080280189513,1.0308125406371995,0.7198097113242152,-0.4356928556168598,0
1.200461656826921,0.0140587388551087,1.6045865976139706,6.808631215908505,-0.471317115453635,0.7752182295881918,-0.5572997955484872,0
-0.6216600055930547,-0.0421294589528573,-0.8700301306769571,-11.562683353839049,-0.4414638488588657,1.576721674042556,-0.550454952760061,0
0.0711350923599569,1.5847911912132142,-0.5319641102541102,26.95409993252373,1.283982747051155,1.7115020510268368,-1.0282727556565332,1
0.888903859828393,0.6523186454410943,1.4008701843724394,-22.048256294465983,-0.1440296860049629,0.775376902713325,-0.118081220063846,0
-1.620216164167961,-0.3216971846352499,1.7678423079342962,44.3125238204148,-0.2756886086501688,1.6260358925982104,-0.5617274046577546,0
-0.8770749427081648,-0.3789953682358329,-0.0017542061492447,24.30667263328162,0.6805996812560594,0.3847223099749755,1.671102616170673,0
-1.542071229612012,-0.545370837942593,0.1773597370129458,4.993206094188835,1.5541449577152604,0.1812036474000247,-0.3931327345321564,0
-0.1856744506875991,-1.7148149717158951,0.8026896214274313,-19.91206942140711,0.7235018118988954,0.3251158603004995,0.7433600266430533,0
0.7710823748186982,-0.4365858596011611,0.7819816194741311,7.186329264856767,-0.0078756405812804,-1.0658609590331618,2.31075418741284,1
0.8876498753401204,-0.0623994862005445,-0.3865704328935037,-4.250316283541551,-0.3128819722730036,-2.8984540417466267,0.4521945973173448,1
1.1621230421599265,-0.6951086934102129,1.1065638885423004,14.629670112417571,1.0440897908537514,-1.0381292877022468,-0.4635018767965492,1
-1.0728212110678577,0.2387814796414973,-0.4034266102858781,-2.478471563116031,0.3553779691843317,1.8139994485113968,-0.3809384403850925,0
-0.9990392120649564,-0.2351090214463738,0.8132638918282253,18.415750670862124,-0.8995867860946722,0.2662351676723173,-1.0505516188230717,1
-0.1539813233759826,-0.8473198231791546,0.4917892430736577,-10.149825528883111,-0.7281112904344089,2.1144668583753745,0.1007099863075308,0
0.9834977487904484,-2.356138903888496,-3.364602131898636,-10.887339610673491,-0.4375789524422057,0.5631890376249711,-0.2181893364726685,1
1.893559598229983,-0.2393530671587542,-0.2702237579400937,-0.0724648967775039,-1.0482950389206496,0.8611314969613595,-0.4744813662070629,0
-1.383253122451611,-0.5284490349478415,0.4701643715059034,47.20360375537838,-0.278799525206673,-0.716081451931722,1.4904421933246803,1
-0.957147989455969,0.0807765404183908,0.9375320984571472,-18.85977022730532,-0.6689988946466368,0.4626573574611976,0.6683032301012608,1
1.348803240359404,0.3721067476318251,-2.385717311713432,-8.963057686419404,1.3813501769914196,0.0230084069289318,-0.1475599357994848,0
-0.5039374039736229,0.1039869437520388,-0.5494695650458927,-24.56072995061544,-0.1432037063453056,1.9616797085416184,-0.0016287403642752,0
1.1137502143392726,0.0839970686070301,1.6730216479607107,6.458924603432877,-0.3570165791670182,0.8339966770216343,-0.5276021299185744,0
-1.638342711828415,0.6174860380907616,0.099673769088281,-4.479160071866531,-1.4522958762647349,-1.5123786234544176,-0.4513571262023137,0
0.6886974083535357,0.6845274476804113,1.352362035775514,5.071997146339214,-0.0625427434638213,1.3841735041343353,0.4135695661939506,0
1.3848903272871027,0.1142879095067297,0.6604802333716155,-20.762219941230143,-0.2183418999555135,1.658386173391392,0.0904231840122251,0
0.7540353069173503,1.074148681685262,0.4599387184595205,-24.68591644893605,0.1931678330698322,1.192380278479234,-0.0724329040343412,0
-0.0875149787633737,-0.5129776265951136,0.1825094654939754,-35.30963867070288,-0.6601301818839616,1.7698262831902944,0.284594941920916,0
-1.0719365803150525,-0.99958443096125,-0.0201233531040346,-10.41854413948046,-0.0097182345282295,-2.8613308487077105,-0.1591403624816021,1
-1.1108268978076024,0.5206119808470062,-0.2038821034848917,-24.75587004000198,-1.7566336853961126,-1.0291212822930915,0.5890830977214782,1
0.2792704622438314,-0.987552234250152,-0.7604571463743366,-11.895422772734731,-1.027372947215646,2.7514096876005327,0.3649479837846541,0
-0.6707465253889247,-0.3557832449881284,1.2310991356564016,-17.571870063320304,-0.3208965579489757,0.5817799250377633,-0.3805490771487204,0
-1.7301530292884777,0.8085959431577565,0.3299897447437427,18.760338751186524,-0.3744587058081774,1.4224062593277127,0.5612692890273274,0
0.3863796635549453,1.3728156481640927,1.435876966380948,-19.62931584681252,0.1944308481882645,-1.3713758177901163,-0.6509105762792408,1
-0.0455812820697194,2.000894033816436,1.3336232683801716,-17.918335458863183,0.3301880220434924,-1.061088451093415,-0.0038964090844171,1
0.9986276365240246,0.8756097325200718,0.5822731196434139,6.818709679707808,-0.1337654174123408,1.3042355521521176,-0.1992406791053806,0
0.0635168727993048,-0.8509191422162299,0.6088334229953347,44.24462417220205,-1.4998311470107089,-0.388827098194876,-2.289303515795456,1
0.3862321837131378,2.0107360253682374,0.1061259349387691,-8.791252715113941,-0.9083791129173646,-1.248394755288499,1.379462169957527,1
-0.6525332891706295,2.881900743556644,-0.2499194097973408,-12.754535818815029,1.030444653724091,-0.4792371597445393,-0.670895956956746,0
-1.204620856804786,0.2725410403201025,0.6464101271030065,30.522761445220297,-0.7085486371046965,1.5861623550996025,0.5761230904377662,0
0.7903873779191183,0.707254139701244,-0.0748330845088981,-11.608391820951894,-1.626558328316667,-2.356628717070952,-0.5865628440511984,1
0.9324150325963098,-0.5524749138488401,0.4988695994175216,-3.4667732012046315,1.170114555253471,-2.174535087068087,-1.4918392542436458,1
1.3149394017051383,-0.8310340656098945,0.8661631612847718,-11.796183795628878,0.955828531662507,-0.3906315149264727,0.2289942085085355,1
-0.7125619151021552,-0.2073862596555959,-0.4760252648234256,1.0606728602452051,-0.1354135020237188,2.1042655635309586,-0.5748195504386785,0
-0.4579042549156472,-0.6379589034854345,-0.4770515830194713,-14.133272332090629,-0.0366387019919388,2.331078757187944,-0.1649839326987772,0
-0.4181554184663223,-0.3536422204848601,-0.444707529135256,-21.12301792752592,0.0480190538825673,1.846936094671052,-0.2805182966897038,0
-0.5008867807598547,-0.6842657182873968,-0.3520816008255419,-8.692335351193805,-0.2547835198644722,2.5733742972224523,-0.2681219583076073,0
-0.7727244699764897,-0.5976466433448355,1.3087374120706294,-2.843409063155008,-0.6327667553435725,1.498318189714015,-0.1387010848700126,0
-1.1565255026189276,1.0693727102289183,-2.7196612654915864,2.965399764578052,-1.020248502796556,-0.2021169618678078,-0.0885091815385197,1
-1.7473803245167336,1.148310649891822,0.8168050081045688,-8.252520526310093,0.6716985498181127,-0.3064510111445189,-1.5859952425958077,0
-1.8904525571995947,0.8622669384868547,1.0384468802539564,-11.177965491673646,0.4814539607717298,-1.8893851559942825,-2.6090016214359224,1
-1.0253837062294708,-0.4845589971761133,0.3994697306077532,-31.01437268544657,0.8332773263423807,-0.8270297906411133,1.186635678991053,1
0.9050550723405688,0.4697550754661146,0.9374451633231702,-23.077982645868005,-0.5060593171048653,-1.0938192496584869,-0.6956054876313255,1
-0.7122011840495914,-0.8877865150838742,0.097912713100959,-4.951464365059081,-0.3115121473707355,-0.776896776108996,2.058378963384005,1
0.2228063099302553,1.9504035886763371,-0.0945422210384144,-1.7483805265553372,1.0645106976036252,0.82719210366291,-0.5381547170748439,0
-0.6676168189148836,-0.8020588839911078,0.3112729810925805,-19.370208080406258,0.4622996582209128,-1.5947579926651905,-0.9589207682297172,0
-1.0668983141068,-0.9043657829402748,0.2235717427010684,15.742965519865136,0.2732418707299835,-2.082892749918079,-0.5764981915947426,1
-1.6204259079214045,-0.3513173053503744,0.8019729684868695,-4.481990120980868,1.3083171580294266,-1.9358230522692053,-0.3258446063093236,0
0.8593494476305604,0.6500259401072455,0.3865265946682881,-14.10025566757733,-0.086354331331475,1.142360221934973,-0.4310625733980163,0
0.0759275850915978,-1.4640337779304653,0.3000395530816051,-19.516137361564205,-1.336182244096084,1.2270286558103392,-0.1722177160094014,0
-0.2074932447055023,-0.6182900285769175,0.258543923308935,-9.838160313873344,-0.6945072360604712,1.7837599389136471,-0.1339025238441969,0
-1.925713669234096,1.5347685654700045,0.683192753663477,-24.46588780464552,-0.6972145723504102,-0.9917951703199044,0.7019341321719943,0
-1.1454136229654668,1.9662741506669088,0.2391871631578594,10.810409739007907,0.4668943637421512,-0.7735030285392013,-1.828763356714876,0
-0.1894713539483069,2.0370211532791176,0.0758799575701276,24.371302912569703,1.1389001122198632,1.185890712998377,-0.6277578548659223,0
-1.026926854332664,-0.5783972349468967,-0.8642998069063513,-8.39600072195826,1.7328677884597163,0.4623294370896609,-0.0811715149165206,1
-0.6405322159766003,-0.2106340838656619,0.0671298712654164,-13.46906032693346,-0.8819603308950295,0.7625241150343851,-0.0432683136012498,0
-0.0376601008947495,1.8878878349982524,-0.4147528749556745,0.7002843192916544,-0.0738821560817194,0.8920436769028872,0.9682969576188478,1
-1.1061732666996866,0.5845654384394356,-1.456333432233185,18.608277556029904,0.0091365242687011,2.3491993026219493,-0.4518964433916452,0
-0.4013935461256758,-0.5594974218294533,0.354849484927213,-10.688410597798082,-0.356839679169746,1.828943534214424,0.1283708123933665,0
0.8800140522587728,1.0207391784259574,0.0761261342452213,10.36832729221409,-1.4060702654819086,-2.226682362050068,-1.1264751814419132,1
-0.1315570118179245,-2.3821755564560503,0.4452470531817947,0.8769370728167587,-0.1566181400894012,-0.4747155616243363,-1.0510290527008337,1
-0.4748354579372149,-0.5492168839196176,0.7759548818298239,-1.5716244743679226,-0.7786772725908211,0.2507103650248576,-0.6139576288571903,1
-0.8499461254456717,-0.3425155159046358,-1.0089141605648302,-4.22445710748795,0.0033775510198913,-1.344439229006301,-0.2125226575280572,1
0.0036969930676553,-2.386441076843985,1.0856483694860366,21.418418586031905,0.2760215560803525,1.5473580645641247,1.2031875471593236,1
-0.4636071117621708,-0.4880149243391278,0.6395260766870023,1.5922885168568968,-0.2783059549276998,1.533071801934836,-0.201373571819134,0
0.6785061498907091,0.1340063747587205,0.5007642508337178,10.312721911614048,0.5442506718446511,-1.7733680889431445,0.4544699508971382,1
0.5657861781293004,0.1909795233372206,0.6175661899867737,29.23551554027891,0.470736751324634,-0.9544234676319804,-0.5497180616427068,0
-0.6602015365266745,-1.775010512946081,0.086890048050492,5.091720577909683,-0.4327222291344114,-1.680903520429353,0.4565167848960983,1
-1.4658749521259478,1.1877935196714506,0.488386884724352,-14.765340147669278,-0.3380817877773048,-1.4471465864305824,-1.641625815101869,0
-1.3725808017892296,1.3447277080118183,-1.8550619256644192,4.437326072910309,-0.4193305031241893,0.9896085280212628,1.0159845560392906,1
0.5508170621758705,0.605324217981011,-1.413617433054043,39.26619199864051,2.033730532669169,0.9792865836592664,-0.0803260157314296,0
-0.0354054615338027,1.7762675236196703,0.4823218013602675,12.738382584922718,0.0851355377251615,0.5003192626140254,-0.0216861863825627,0
-0.3102591804415015,-0.8649548758107304,0.5833634405379928,7.583078951125771,-0.6420523621498275,1.7717846565518904,-0.5645391009763824,0
0.387785958400039,1.4861778355209616,-0.1235386237881733,23.004637729285196,0.1931068593250931,1.5767318548640143,0.6841888374079965,1
-1.1286399657383517,0.2108562750485552,1.0927043016720637,0.7797814572508912,-0.408443293735393,-0.0960967390929026,-1.218414746683906,0
-0.480422704718992,-1.585785446300654,-0.8092061978123652,-26.040153306795546,-0.3511470113376491,-2.012940912583588,-0.2028111346126808,1
-0.4911510345262277,-0.6081079124756965,0.3336609485552302,-2.0477996274525765,-0.4027275162760256,2.1718307778827146,0.2889520848945756,0
0.1377100464067592,-0.5555322033345738,0.2177891033265222,-1.5792215112876136,0.0480786080553114,-1.9957325175404417,-0.1317979891676357,1
0.0260604526035481,-0.7804528179325791,-0.3773974815131155,-7.006315547312639,-0.3894863177960924,2.552345455557105,0.2801800585523992,0
-1.2196481154483658,-0.5790545324042198,0.8776888257932571,18.464767105571767,0.7121085424022203,-0.1073617953068293,1.352271773828301,1
0.2535508425670851,-0.3599770036120138,-1.6983935970081414,-21.16680123818641,-1.896368345844262,-3.4129036692971444,0.5618803819232652,1
0.7948157917898436,0.0673672832308269,0.1739794171713009,39.38107939076049,-1.0204882971668157,-1.673693020359725,0.6625192299479034,1
-0.8629681588112743,-0.4935660496897036,-1.062507407590368,-5.343915107035684,1.5972337300185226,0.1462416400191153,-0.2615375351681164,0
0.8444501741458058,0.3372866891112416,-0.5280015141576279,-0.4007014618448892,1.923716045190316,0.7979017878066035,0.6280133772602536,0
-0.6925709900261623,0.2144379493836432,-0.9379915393750804,-11.356494016326778,0.1238974477068909,1.4323186604500808,-0.5939085162242163,0
0.5234008129930715,0.4741898922586358,0.0023157013570621,22.04392324201372,1.5717535598810473,-0.3927990227897713,-0.0997740891605778,1
-0.8933366758640278,-0.2221889988680734,-0.9619035263695508,-4.465243424424315,-0.4026915536897851,1.9272651488221093,-0.645701106789936,0
0.4246803291512798,-1.9668399815209308,-0.2991422386775473,-7.794711407304405,-0.7584100640853955,-1.3936625980686483,-0.985697640856118,1
0.88248894182362,0.2426307875101183,-0.5673017560422998,11.33814379628565,-0.7161325734842607,-2.947330892660124,0.8340009408171875,1
-1.3602155360788282,0.5387655834701208,1.306417742300145,-5.207557984770176,-0.0143122728506242,-0.1832412071759401,-1.071949367049791,1
-0.1295404923790946,-0.3160807620642492,-0.4613889640892272,-7.246839575311341,-0.2980321487428962,2.382808485052087,0.4429879765886725,0
0.0178454753862777,0.9649090973864944,1.109439269260302,35.825854153064896,0.4608859306779769,-2.364709553993631,0.1088162928764306,1
-1.0709936378142286,-1.09320974402878,1.1096185332105464,8.580841722700114,1.0905496875592489,-0.7263791897925149,-0.7042552890054884,1
-0.2812089000356693,-1.1452689327754777,-2.227158594850478,-22.52809783776617,1.3702103947681692,0.3141529906820866,-0.7320134834255719,1
-1.0775970586899404,-0.2897907466432488,-0.8501872580376225,15.027846930219155,-0.7317211022920205,-2.7118035454101626,0.601536616258394,1
-0.9397976214217476,-0.5471176053756424,0.5271720335349026,4.1023461080419565,0.5480750234267289,-2.20126336969586,-0.1221548988864218,1
0.587035950729167,1.6298374840998966,-0.52762467143382,-1.1550064104752664,-0.0454376220101382,1.262934280172602,0.4967435802204041,1
-0.1101808177630944,-0.9086307061253696,0.6006852898183461,9.82069284946418,-0.652657225473156,2.256829133756725,0.3365845755732405,0
